# Public atlas name	FDID	left	top	right	bottom	logical width	logical height	element ID
!CharacterCreateDropdown-NineSlice-EdgeLeft	3575404	253	1	377	409	62	204	12706
!CharacterCreateDropdown-NineSlice-EdgeRight	3575404	127	1	251	409	62	204	12707
_CharacterCreateDropdown-NineSlice-EdgeBottom	3575404	379	1	811	145	216	72	12713
_CharacterCreateDropdown-NineSlice-EdgeTop	3575404	379	147	811	251	216	52	12714
charactercreate-customize-dropdown-icon-lock	1253496	389	1777	419	1820	8	12	21086
charactercreate-customize-dropdown-linemouseover-middle	1253496	2043	1	2044	41	1	20	12618
charactercreate-customize-dropdown-linemouseover-side	1253496	2029	1	2041	41	6	20	12619
charactercreate-customize-dropdown-newtagglow	1253496	1149	455	1189	495	40	40	17859
charactercreate-customize-dropdownbox	1253496	439	497	739	573	150	38	12616
charactercreate-customize-dropdownbox-hover	1253496	741	497	1041	573	150	38	12629
charactercreate-customize-dropdownbox-open	1253496	1043	497	1343	573	150	38	12630
charactercreate-customize-palette-glow	1253496	1923	235	2007	255	42	10	16265
charactercreate-customize-palette-half	1253496	519	471	603	491	42	10	16304
charactercreate-gendericon-female	1253496	281	1	537	257	256	256	12072
charactercreate-gendericon-female-selected	1253496	539	1	795	257	256	256	16965
charactercreate-gendericon-male	1253496	797	1	1053	257	256	256	12071
charactercreate-gendericon-male-selected	1253496	1055	1	1311	257	256	256	16966
charactercreate-icon-alliance	1253496	1351	259	1535	459	92	100	11983
charactercreate-icon-customize-accessories	1253496	1723	259	1879	417	104	105	11985
charactercreate-icon-customize-accessories-selected	1253496	1881	259	2037	417	104	105	11984
charactercreate-icon-customize-body	1253496	281	497	437	655	104	105	11987
charactercreate-icon-customize-body-selected	1253496	281	657	437	815	104	105	11986
charactercreate-icon-customize-hair	1253496	1819	1	2027	211	104	105	11989
charactercreate-icon-customize-hair-selected	1253496	519	259	727	469	104	105	11988
charactercreate-icon-customize-head	1253496	281	817	437	975	104	105	11991
charactercreate-icon-customize-head-selected	1253496	281	977	437	1135	104	105	11990
charactercreate-icon-customize-torso	1253496	729	259	937	469	104	105	11993
charactercreate-icon-customize-torso-selected	1253496	939	259	1147	469	104	105	11992
charactercreate-icon-dice	1253496	1313	1	1569	257	24	24	11994
charactercreate-icon-horde	1253496	1537	259	1721	459	92	100	11995
charactercreate-icon-requiredarrow	1253496	439	575	519	641	40	33	20111
charactercreate-ring-alliance	1253496	1	1	279	281	278	280	11996
charactercreate-ring-alliance-disabled	1253496	1	283	279	563	278	280	12081
charactercreate-ring-customizebackground	1253496	1571	1	1817	247	123	123	11997
charactercreate-ring-horde	1253496	1	565	279	845	278	280	11998
charactercreate-ring-horde-disabled	1253496	1	847	279	1127	278	280	12083
charactercreate-ring-metaldark	1253496	1	1129	279	1409	278	280	11999
charactercreate-ring-metaldark-disabled	1253496	1	1411	279	1691	278	280	12082
charactercreate-ring-metallight	1253496	1	1693	279	1973	278	280	12000
charactercreate-ring-select	1253496	281	259	517	495	236	236	12001
CharacterCreateDropdown-NineSlice-Center	3575404	1	399	2	400	1	1	12708
CharacterCreateDropdown-NineSlice-CornerBottomLeft	3575404	1	1	125	145	62	72	12709
CharacterCreateDropdown-NineSlice-CornerBottomRight	3575404	1	253	125	397	62	72	12710
CharacterCreateDropdown-NineSlice-CornerTopLeft	3575404	1	147	125	251	62	52	12711
CharacterCreateDropdown-NineSlice-CornerTopRight	3575404	813	1	937	105	62	52	12712
common-button-square-gray-down	3534438	1	291	257	547	42	42	12242
common-button-square-gray-up	3534438	1	549	257	805	42	42	12243
common-dropdown-icon-back	5390329	489	1	506	18	17	17	25735
common-dropdown-icon-back-disabled	5390329	291	29	308	46	17	17	25734
common-dropdown-icon-next	5390329	310	29	327	46	17	17	25737
common-dropdown-icon-next-disabled	5390329	329	29	346	46	17	17	25736
common-icon-rotateleft	3487944	259	775	359	875	20	20	11967
common-icon-rotateright	3487944	259	877	359	977	20	20	11968
common-icon-undo	3487944	775	259	1031	515	25	25	11969
common-icon-zoomin	3487944	1033	1	1289	257	25	25	11970
common-icon-zoomin-disable	3487944	1291	1	1547	257	25	25	16958
common-icon-zoomout	3487944	1549	1	1805	257	25	25	11971
common-icon-zoomout-disable	3487944	1033	259	1289	515	25	25	16959
charactercreate-icon-customize-mirror	1253496	281	1137	437	1295	156	158	18308
charactercreate-icon-customize-mirror-selected	1253496	281	1297	437	1455	156	158	18307
128-RedButton-Left	7367529	391	911	505	1039	114	128	11949
128-RedButton-Left-Pressed	7367529	391	1171	505	1299	114	128	11948
128-RedButton-Left-Disabled	7367529	391	1041	505	1169	114	128	11947
_128-RedButton-Center	7367529	0	1	64	129	64	128	11955
_128-RedButton-Center-Pressed	7367529	0	261	64	389	64	128	11954
_128-RedButton-Center-Disabled	7367529	0	131	64	259	64	128	11953
128-RedButton-Right	7367529	1	521	293	649	292	128	11952
128-RedButton-Right-Pressed	7367529	1	781	293	909	292	128	11951
128-RedButton-Right-Disabled	7367529	1	651	293	779	292	128	11950
retail-128-redbutton-highlight	7367529	1	391	442	519	441	128	5451
